[
	{
		"language_id" : 1,
		"name" : "English",
		"last_update" : "2006-02-15 05:02:19"
	},
	{
		"language_id" : 2,
		"name" : "Italian",
		"last_update" : "2006-02-15 05:02:19"
	},
	{
		"language_id" : 3,
		"name" : "Japanese",
		"last_update" : "2006-02-15 05:02:19"
	},
	{
		"language_id" : 4,
		"name" : "Mandarin",
		"last_update" : "2006-02-15 05:02:19"
	},
	{
		"language_id" : 5,
		"name" : "French",
		"last_update" : "2006-02-15 05:02:19"
	},
	{
		"language_id" : 6,
		"name" : "German",
		"last_update" : "2006-02-15 05:02:19"
	}
]
